id,first_name,last_name,email,ssn,credit_card
1,Alice,Smith,alice.smith1@example.com,121-45-6789,4111-1111-1111-1111
2,Bob,Jones,bob.jones2@demo.net,234-56-7890,5500-2222-2222-2222
3,Charlie,Brown,charlie.brown3@test.org,345-67-8901,6011-3333-3333-3333
4,Diana,Davis,diana.davis4@sample.co,456-78-9012,4111-4444-4444-4444
5,Eve,Miller,eve.miller5@example.com,567-89-0123,5500-5555-5555-5555
6,Frank,Wilson,frank.wilson6@demo.net,678-90-1234,6011-6666-6666-6666
7,Grace,Moore,grace.moore7@test.org,789-01-2345,4111-7777-7777-7777
8,Heidi,Taylor,heidi.taylor8@sample.co,890-12-3456,5500-8888-8888-8888
9,Ivan,Anderson,ivan.anderson9@example.com,901-23-4567,6011-9999-9999-9999
10,Judy,Thomas,judy.thomas10@demo.net,112-34-5678,4111-1010-1010-1010
11,Karl,Jackson,karl.jackson11@test.org,223-45-6789,5500-1111-1212-1313
12,Laura,White,laura.white12@sample.co,334-56-7890,6011-1414-1515-1616
13,Mallory,Harris,mallory.harris13@example.com,445-67-8901,4111-1717-1818-1919
14,Nina,Martin,nina.martin14@demo.net,556-78-9012,5500-2020-2121-2222
15,Oscar,Thompson,oscar.thompson15@test.org,667-89-0123,6011-2323-2424-2525
16,Peggy,Garcia,peggy.garcia16@sample.co,778-90-1234,4111-2626-2727-2828
17,Quinn,Martinez,quinn.martinez17@example.com,889-01-2345,5500-2929-3030-3131
18,Rita,Robinson,rita.robinson18@demo.net,990-12-3456,6011-3232-3333-3434
19,Sam,Clark,sam.clark19@test.org,101-23-4567,4111-3535-3636-3737
20,Tina,Rodriguez,tina.rodriguez20@sample.co,212-34-5678,5500-3838-3939-4040
21,Uma,Lewis,uma.lewis21@example.com,323-45-6789,6011-4141-4242-4343
22,Victor,Lee,victor.lee22@demo.net,434-56-7890,4111-4444-4545-4646
23,Wendy,Walker,wendy.walker23@test.org,545-67-8901,5500-4747-4848-4949
24,Xavier,Hall,xavier.hall24@sample.co,656-78-9012,6011-5050-5151-5252
25,Yara,Allen,yara.allen25@example.com,767-89-0123,4111-5353-5454-5555
